{
    "baseline": 0.21409619719999115,
    "pitch": 0.03842560000000292,
    "roll": 0.0,
    "x": 1.7,
    "y": 0.026239999999999368,
    "yaw": -0.009726800000000934,
    "z": 1.212400000000026,

    "fx": 2263.54773399985,
    "fy": 2250.3728170599807,
    "u0": 1079.0175620000632,
    "v0": 515.0066006000195

}
